{"cameraMode":{"drawMode":0,"name":"Shaded","section":"Shading Mode"},"sceneLighting":true,"audioPlay":false,"sceneViewState":{"showFog":true,"showMaterialUpdate":false,"showSkybox":true,"showFlares":true,"showImageEffects":true,"showParticleSystems":true,"showVisualEffectGraphs":true,"m_FxEnabled":true},"in2DMode":false,"pivot":{"x":-0.357818603515625,"y":-0.07877159118652344,"z":0.42134857177734377},"rotation":{"x":-0.08995015174150467,"y":0.8953132033348084,"z":-0.21086883544921876,"w":-0.38191309571266177},"size":14.659895896911621,"orthographic":false}