{"cameraMode":{"drawMode":0,"name":"Shaded","section":"Shading Mode"},"sceneLighting":true,"audioPlay":false,"sceneViewState":{"showFog":true,"showMaterialUpdate":false,"showSkybox":true,"showFlares":true,"showImageEffects":true,"showParticleSystems":true,"showVisualEffectGraphs":true,"m_FxEnabled":true},"in2DMode":false,"pivot":{"x":4.042849540710449,"y":2.5418155193328859,"z":1.9198851585388184},"rotation":{"x":-0.057870786637067798,"y":0.8632345795631409,"z":-0.10173264890909195,"w":-0.4910496473312378},"size":1.9855353832244874,"orthographic":false}