{"cameraMode":{"drawMode":0,"name":"Shaded","section":"Shading Mode"},"sceneLighting":true,"audioPlay":false,"sceneViewState":{"showFog":true,"showMaterialUpdate":false,"showSkybox":true,"showFlares":true,"showImageEffects":true,"showParticleSystems":true,"showVisualEffectGraphs":true,"m_FxEnabled":true},"in2DMode":false,"pivot":{"x":3.3732259273529054,"y":1.1109511852264405,"z":-0.8343547582626343},"rotation":{"x":-0.08995015174150467,"y":0.8953132033348084,"z":-0.21086883544921876,"w":-0.38191309571266177},"size":12.50768756866455,"orthographic":false}